,SMILES,OR1L3,OR2G2,OR2J2,OR2M4,OR2T10,OR2T34,OR5AC2,OR10G3,OR10G4,OR10G7
0,CC=CCSCC(C)=CC,-4.562,-5.191,-4.742,-4.936,-4.562,-4.452,-4.574,-4.402,-4.82,-4.358
1,CCCC(=CCS)OC,-4.251,-4.51,-4.33,-4.256,-3.98,-4.083,-4.08,-3.945,-4.04,-4.054
2,CCCCC(C)C=C(C)CCCN,-6.304,-6.376,-5.997,-5.639,-5.697,-5.573,-5.311,-5.213,-5.47,-5.923
3,C=C(CC)CCSC,-4.241,-4.645,-4.143,-4.344,-4.194,-4.202,-4.033,-3.82,-4.166,-4.204
4,C=C(S)C(=CCC(=O)OC)C(C)C(C)C,-5.905,-6.009,-6.317,-6.183,-4.558,-5.416,-5.711,-5.041,-5.836,-6.226
5,CCCC(=CN)C(C)=O,-5.32,-4.975,-4.921,-4.932,-4.805,-5.124,-4.411,-4.608,-4.639,-4.469
6,C=C(C)C(C)C1=COC=CC=C=C1,-5.015,-4.682,-4.566,-4.821,-3.622,-3.949,-4.442,-3.462,-4.6,-4.756
7,CC(=O)C(C)C=C(C)CC(C)C,-6.074,-6.314,-6.306,-5.953,-4.836,-5.377,-5.553,-5.165,-5.56,-5.855
8,CC=CC(=CCCC)SC,-4.941,-5.121,-4.824,-4.858,-4.849,-4.696,-4.277,-4.455,-4.498,-4.618
9,CCC=C(S)CCC(=O)CC,-5.207,-5.583,-5.242,-4.927,-4.884,-4.828,-4.81,-5.044,-4.723,-4.792
10,CC=C(CC=CCC)OC(=O)CC,-6.055,-6.204,-5.777,-5.698,-4.994,-5.29,-5.377,-5.722,-5.343,-5.573
11,CCSC(C)C=CC(C)CC,-5.314,-5.681,-5.374,-5.087,-4.827,-4.742,-4.561,-4.671,-4.83,-5.108
12,C=C(C)C1=CCC(C)CC(C2(CC)C(=C)CCC2C)=C1,-5.916,-4.969,-6.368,-3.386,-0.145,-3.985,-6.615,-2.08,-5.888,-6.267
13,CCC(S)=CC(N)S,-4.205,-4.271,-4.096,-4.079,-3.69,-4.311,-4.002,-3.908,-4.151,-4.13
14,C=C(OC)C(C)=CC=CCC,-5.515,-5.795,-5.364,-5.311,-5.465,-5.213,-5.004,-4.871,-5.118,-5.009
15,CC=CC(O)=CC(C)=O,-5.318,-5.159,-4.999,-5.029,-4.956,-5.117,-4.507,-5.175,-5.287,-4.928
16,CCNC1(C)C2=C1CC=C2,-5.592,-5.822,-5.604,-5.751,-5.593,-5.377,-5.201,-5.245,-5.451,-5.534
17,C=CCCC=C(C=C)CCCCC,-5.785,-6.177,-5.923,-5.38,-5.262,-5.481,-5.194,-5.265,-5.351,-5.647
18,CCC(C=O)C(O)C(C)(C)C,-5.584,-5.448,-5.127,-5.303,-4.064,-5.477,-5.366,-4.967,-5.179,-5.22
19,C=CCCCOC=COC,-4.584,-4.999,-4.471,-4.777,-4.392,-4.458,-4.383,-4.43,-4.567,-4.278
20,O=CCCCC=CC=CO,-5.165,-5.451,-4.904,-5.036,-5.057,-4.754,-4.831,-4.4,-4.756,-4.954
21,C=C(C=CC(=C)NS)CC,-5.17,-5.428,-5.047,-4.828,-5.184,-4.918,-4.79,-4.494,-4.853,-4.851
22,CC=CC(C)=CC=CCCCC(C)C=O,-6.387,-6.984,-6.257,-5.947,-4.438,-5.723,-5.45,-5.52,-5.683,-5.921
23,CCOC(CCOC)OC,-4.295,-4.612,-4.542,-4.529,-4.642,-4.585,-4.031,-4.481,-4.269,-4.049
24,CC=CC(C)=CC(=CC)CCC,-5.796,-6.003,-5.778,-5.458,-5.33,-5.229,-5.298,-5.244,-5.173,-5.62
25,CCSC(C)CC(C)C,-4.829,-5.12,-4.597,-4.479,-4.12,-4.743,-4.274,-4.334,-4.475,-4.626
26,C=C(C)C=C1C=C[CH-]N1C=O,-6.093,-6.16,-5.604,-5.853,-5.235,-5.255,-5.556,-5.138,-5.804,-5.959
27,CCCC(CC=O)C(C)CC,-5.731,-5.318,-5.462,-5.422,-4.865,-5.251,-5.027,-4.735,-4.963,-5.254
28,CC=CC=CC(=CC=CC)OC,-5.454,-5.874,-5.303,-5.473,-4.944,-4.99,-4.901,-4.801,-4.97,-4.955
29,C=CC(=COCCCC)C(C)C,-5.435,-5.91,-5.554,-5.413,-5.675,-5.565,-4.951,-5.164,-5.354,-5.019
30,COC(C)=COCCC1(C)CC1,-5.666,-5.948,-5.59,-5.596,-4.868,-5.301,-5.206,-5.098,-5.049,-5.294
31,CCC=C(C)C(C)=CC(C)=O,-5.869,-5.945,-5.952,-5.557,-5.632,-5.679,-5.178,-5.218,-5.406,-5.517
32,CCCC(C)=CCC=CO,-5.563,-5.699,-5.16,-5.143,-5.081,-5.323,-4.899,-4.574,-5.059,-5.343
33,CCC(C)(OC(C)C)C(C)(C)O,-5.728,-5.205,-5.619,-4.943,-4.221,-5.337,-5.325,-5.136,-5.681,-5.547
34,CCSC(C)C=CNC,-4.256,-4.761,-4.11,-4.311,-4.117,-4.103,-4.048,-4.135,-4.012,-4.025
35,CCC(C)C(=O)C(CC(C)O)C(C)S,-5.907,-5.78,-5.788,-5.994,-4.297,-4.931,-5.482,-4.85,-5.758,-5.889
36,C=CCCC(C)C(CC=CC)C(=O)O,-6.66,-6.408,-5.882,-6.083,-5.453,-5.772,-5.501,-5.61,-5.897,-5.765
37,CC=CC(C)C=O,-4.358,-4.802,-4.405,-4.386,-4.565,-4.705,-3.997,-4.094,-4.068,-4.048
38,CCCC(CO)C(C)C(C)S,-5.435,-5.358,-5.014,-5.114,-4.38,-4.825,-5.02,-4.519,-5.088,-4.934
39,C=CC1=COC(C)C(CCC)=C1,-6.567,-7.027,-6.088,-6.168,-5.944,-5.66,-6.033,-5.54,-6.196,-5.959
40,CCCC(C)C(C=CCO)CCC,-5.726,-6.065,-6.046,-5.89,-5.119,-5.289,-5.455,-5.173,-5.475,-5.602
41,CC=C1C(=[C]C=C=O)N=CC1C,-5.629,-5.941,-6.039,-6.197,-5.932,-5.569,-5.528,-5.049,-5.53,-5.669
42,CCC(C)=C=C(C)C(C)CC,-5.995,-5.871,-5.732,-5.434,-5.778,-5.39,-5.36,-5.101,-5.12,-5.579
43,C=C1C=CC(C)N(C(=C)C)C(=O)C(C)CC1,-5.107,-4.506,-5.564,-4.202,-2.542,-3.195,-5.123,-3.625,-5.024,-5.018
44,C=CC1=CCOC(=C)C=C1CC,-4.159,-4.461,-4.365,-4.217,-3.262,-4.077,-4.162,-3.939,-4.037,-3.985
45,CC=C(O)CCCCC,-5.116,-5.288,-4.847,-4.612,-4.855,-4.898,-4.43,-4.537,-5.117,-4.861
46,CC=NCCC(C)CCC,-5.051,-5.354,-5.111,-4.774,-4.728,-4.911,-4.716,-4.695,-4.431,-4.756
47,CCCC(C=C(C)C(C)=O)C1CO1,-6.419,-6.047,-6.097,-5.737,-5.178,-5.612,-5.433,-5.237,-5.647,-5.599
48,C=NCC(=O)C=CCCCC,-5.441,-5.752,-5.144,-5.179,-4.847,-4.676,-4.866,-4.813,-4.782,-4.877
49,C=CC=C(CC)C(=O)CCC(C)CC,-6.397,-6.691,-6.189,-5.901,-5.483,-5.938,-5.545,-5.457,-5.722,-5.404
50,C=Cc1cc(CC)ccc1C=CC,-7.208,-6.881,-6.798,-6.611,-6.103,-6.011,-6.61,-5.552,-6.206,-6.746
51,C=CC=CC=CC=C(C)C,-5.346,-5.799,-5.149,-4.942,-5.048,-5.201,-5.063,-4.487,-4.93,-4.939
52,CC(=O)C(C)C=C=COCO,-5.64,-5.814,-5.272,-5.175,-5.403,-5.016,-5.256,-4.65,-5.135,-5.042
53,CCC1CC1(CC)C1C=C1,-5.709,-5.381,-5.724,-5.245,-4.456,-5.069,-4.985,-5.272,-5.078,-5.461
54,C=CC(=O)C(=C=O)CCCC,-5.771,-5.659,-5.507,-5.505,-5.316,-5.04,-5.019,-4.887,-5.161,-4.943
55,CCC=CC1=CC(C)=CCC=C1,-4.425,-4.943,-4.491,-4.573,-4.353,-4.075,-4.519,-4.246,-4.483,-4.597
56,C=CCC(C)=CC(C)CC,-5.479,-5.663,-5.359,-5.22,-5.127,-5.231,-5.0,-4.673,-5.023,-5.421
57,COC1=C=C(C)CSC(C)OC(=O)OC1,-4.307,-4.557,-4.624,-4.358,-1.867,-3.316,-4.485,-3.779,-4.547,-4.302
58,CC=CC=C(CO)C(=O)O,-5.665,-6.031,-4.901,-5.122,-4.801,-5.443,-4.594,-4.769,-5.153,-5.014
59,C=CC(=CC(=CC)CC(=C)C)C(=C)O,-6.354,-6.524,-6.34,-6.097,-4.895,-5.925,-6.031,-5.398,-6.096,-6.321
60,CCN(CN)CSC,-4.266,-4.097,-3.886,-3.878,-3.69,-3.857,-3.826,-4.118,-4.14,-4.076
61,[C]C(CC)C[SH]=CC,-4.231,-4.672,-4.149,-4.304,-4.242,-4.45,-4.068,-3.907,-4.17,-4.083
62,C=CC(CCS)CC(C)C,-4.927,-4.99,-4.914,-4.822,-4.861,-4.738,-4.66,-4.332,-4.56,-4.797
63,CCSCCOC(C)=O,-4.411,-4.819,-4.299,-4.272,-3.788,-4.005,-4.398,-4.208,-4.145,-4.052
64,C=C(C)CCCCCCCO,-5.636,-5.929,-5.55,-5.137,-5.38,-4.835,-4.825,-4.663,-5.185,-5.451
65,CCC(S)=[SH]C1=CC(C)=C1,-5.134,-5.199,-4.901,-5.209,-4.288,-4.347,-4.669,-4.316,-4.915,-4.729
66,C=CC(C)=C(C)C,-4.775,-4.692,-4.509,-4.58,-4.82,-5.158,-4.222,-4.259,-4.083,-4.437
67,CC(C)CCCC=C1C=CCCC=C1,-5.313,-5.654,-5.249,-4.901,-3.391,-4.435,-4.498,-3.73,-4.68,-4.627
68,COC(C=O)CCCC(C)C,-5.381,-5.835,-5.144,-5.355,-4.913,-4.793,-4.916,-4.971,-5.167,-5.102
69,CC(=C(O)O)C(C)(C)CS,-5.353,-5.9,-4.902,-4.945,-4.297,-5.139,-4.594,-4.655,-5.112,-4.99
70,C=CC(C)C=CSC,-4.313,-4.621,-4.229,-4.356,-4.249,-4.225,-4.026,-3.904,-4.232,-4.201
71,CCC1C=CC(CC)OC(OC(C)=O)C=C1,-4.939,-5.332,-5.366,-5.296,-3.326,-4.019,-4.794,-4.888,-5.111,-4.896
72,C=COC(=CC=CC(=C)C)CS,-5.204,-5.668,-5.212,-5.12,-4.465,-4.939,-4.836,-4.997,-4.822,-5.085
73,CCSCC(C)(C)CC,-4.644,-5.006,-4.669,-4.65,-4.475,-4.475,-4.202,-4.368,-4.437,-4.479
74,CCOC(C)=CC=CN=CS,-4.64,-5.012,-4.644,-4.467,-4.22,-4.501,-4.341,-4.635,-4.627,-4.573
75,C=CCCCC(C)C=CC=CC,-5.6,-6.177,-5.457,-5.306,-5.428,-5.444,-4.987,-4.777,-5.193,-5.262
76,C=CC1=C(CC)C=CC(C)CC1,-4.283,-4.512,-4.486,-4.346,-3.372,-3.446,-4.222,-3.691,-4.353,-4.399
77,CC=NC(C)=CC(C)C(C)CC,-5.825,-5.932,-5.635,-5.809,-5.119,-5.234,-5.09,-5.26,-5.308,-5.598
78,CC=C(CC=C(C)C)C(=O)CC,-6.288,-6.214,-5.786,-5.79,-5.654,-5.651,-5.143,-5.467,-5.449,-5.721
79,C=CC(C=CC(=C)C)=CC1=COC(=C)O1,-6.91,-7.287,-6.663,-6.658,-6.064,-6.337,-6.683,-6.358,-6.439,-6.905
80,C=CCCC(=C)OC(=O)C(=C)C=CC(C)CC,-6.699,-7.142,-6.638,-6.348,-4.631,-6.241,-5.967,-5.892,-6.146,-6.154
81,C=C(CC=O)C(C)=C(C)C=C(CC)OCC,-6.418,-6.587,-6.979,-6.11,-5.009,-5.821,-5.884,-5.176,-5.975,-6.423
82,CC=CC=CCC(C)OC=O,-5.53,-5.658,-5.203,-5.434,-4.894,-5.09,-4.887,-4.659,-5.07,-5.257
83,CCCC1=CCC(C)CS1,-5.569,-5.789,-5.545,-5.357,-4.48,-4.737,-5.37,-4.788,-5.422,-5.435
84,C=CC=C(C=C(C)CCCC)CC,-6.389,-6.171,-6.073,-5.721,-5.234,-5.439,-5.332,-5.331,-5.227,-5.844
85,C=C=C(C=C(C)CC)OCC,-5.133,-5.604,-5.192,-5.217,-5.038,-5.488,-5.067,-4.853,-5.069,-5.134
86,CCC(=O)CC(=O)CN,-5.185,-5.452,-4.804,-4.839,-4.719,-4.81,-4.468,-4.79,-4.875,-4.519
87,C=CC(C)=C1CC(C)C(C)CC(C)(CC)O1,-5.169,-5.215,-5.498,-5.357,-3.224,-4.334,-5.303,-4.218,-5.064,-5.435
88,CCCC(=CC(C)C)C(C)=C(C)CC,-6.312,-5.939,-6.525,-6.327,-4.956,-5.645,-6.016,-5.244,-5.912,-6.115
89,C=C(C)C(C=O)(CC)OCC,-5.384,-4.949,-4.998,-5.357,-4.892,-5.444,-4.908,-4.727,-5.194,-5.005
90,CC=CC(OC)=C1C=CCC1,-5.812,-6.051,-5.61,-5.701,-5.403,-5.963,-5.305,-5.151,-5.419,-5.694
91,C=CCOC(=O)C(C)=CC,-5.175,-5.455,-4.898,-5.204,-5.206,-5.094,-4.657,-4.85,-5.002,-4.823
92,CCC(C=CCN)CC,-5.125,-4.938,-5.013,-4.927,-5.046,-4.971,-4.654,-4.631,-4.512,-4.833
93,C=CC1=C(N(C)C)C=C1OCS,-5.167,-5.197,-5.251,-4.968,-4.458,-4.56,-4.947,-4.631,-5.035,-4.974
94,CCC=C1CCCOC1=CCC,-6.321,-6.174,-5.876,-6.113,-4.906,-5.241,-5.641,-5.283,-5.731,-5.92
95,CC=C1CCOC(CC)C(C)OC1C,-4.837,-4.728,-4.923,-4.874,-2.852,-3.421,-4.512,-4.157,-4.335,-4.405
96,C=CCC1CCC=C(C)C1C,-6.612,-5.828,-6.307,-6.31,-5.733,-5.587,-6.175,-5.195,-5.638,-6.581
97,C=CC(C)(CO)C(C)C(C)C,-5.839,-5.597,-5.521,-5.525,-3.888,-5.666,-5.312,-5.118,-5.44,-5.49
98,CCC(C)(OS)OBr,-4.339,-4.886,-4.317,-4.466,-4.421,-4.462,-3.802,-4.322,-4.064,-3.982
99,CC=C(C)CSCCCC,-4.796,-5.27,-4.643,-4.911,-4.053,-4.43,-4.554,-4.316,-4.559,-4.277
100,CCC=C(C)CC(O)CC,-5.296,-5.481,-5.325,-5.24,-4.899,-5.273,-4.802,-5.067,-5.134,-4.967
101,C=CC=C1C=NC=CC=C=NC1CC,-4.744,-4.473,-4.617,-4.566,-3.254,-4.206,-4.539,-3.9,-4.703,-4.177
102,CCCC(=O)CC(C)C(C)C,-5.824,-6.18,-5.421,-5.788,-4.987,-5.273,-5.376,-5.424,-5.469,-5.235
103,CCCC(C)(CO)COC(=O)C=C(C)O,-6.395,-6.384,-6.081,-5.856,-5.535,-5.951,-5.671,-5.498,-5.991,-5.956
104,CC1=CC=CC(C)=CC(C)C=C1,-4.62,-4.915,-4.798,-4.72,-3.494,-4.211,-4.48,-4.124,-4.452,-4.466
105,C=C(C=CC=C=O)C(C)CCC,-5.892,-6.236,-5.827,-5.867,-5.594,-5.495,-5.335,-5.113,-5.576,-5.761
106,CC=C(CC)SSCC,-4.343,-4.607,-4.362,-4.444,-4.141,-4.111,-4.053,-4.138,-4.144,-4.307
107,CCC(CC)OCC(C)C(=O)O,-5.602,-5.825,-5.595,-5.726,-5.47,-5.592,-5.125,-5.222,-5.273,-5.565
108,CCCC(C)CCOC(C)O,-5.487,-6.011,-5.431,-5.333,-5.101,-5.036,-5.04,-4.851,-5.17,-5.162
109,CC=CSC(CC)CCC,-4.783,-4.947,-4.765,-4.799,-4.705,-4.496,-4.139,-4.476,-4.556,-4.619
110,CCC(C)([S])COC,-4.327,-4.313,-4.077,-4.292,-4.109,-4.234,-3.803,-3.99,-4.045,-3.999
111,C=CCCC(=CCSC=CC)CC,-5.448,-5.588,-5.498,-4.976,-4.828,-5.352,-4.746,-5.002,-5.196,-5.066
112,C=C(C(=C)C(CC)C(C)C)C(C)=CC,-6.57,-5.794,-6.619,-6.008,-4.931,-5.818,-5.88,-5.2,-6.1,-6.524
113,CCCCS,-3.204,-3.338,-2.997,-2.968,-3.188,-3.19,-2.893,-3.026,-3.061,-2.987
114,CCCC=CC=CC=CC=O,-5.421,-5.96,-5.409,-5.359,-5.074,-4.842,-4.919,-4.502,-4.881,-4.854
115,C=CCCC(C)(C)CC,-5.3,-5.326,-5.109,-4.968,-5.206,-5.133,-4.544,-4.565,-4.672,-5.02
116,CCC(C)=CCC(N)CCC(C)=O,-6.305,-6.606,-6.048,-5.67,-5.391,-5.506,-5.426,-5.639,-5.96,-5.855
117,C=CCC(OC)C(C)CC,-5.219,-5.167,-5.019,-5.395,-5.002,-5.479,-4.603,-4.732,-4.961,-4.863
118,C=C=CCC(=O)C=CC(C)C,-5.515,-5.982,-5.644,-5.434,-4.903,-5.241,-4.898,-5.17,-5.226,-5.12
119,CCCC=CCC=C(OC)C(C)C,-5.737,-6.112,-5.821,-5.68,-5.037,-5.524,-4.997,-5.403,-5.311,-5.251
120,CC=CC=S(C)OC(C)=CC,-4.846,-5.302,-4.842,-4.993,-4.616,-4.459,-4.474,-5.047,-4.935,-4.727
121,CC1=NC(C=N)=S1N,-4.79,-4.953,-4.418,-4.652,-3.772,-4.635,-4.07,-4.968,-4.636,-4.384
122,C=C(C)CC(=C)C(C)=CC=CC=CC,-6.503,-6.697,-6.205,-5.808,-5.272,-6.091,-5.684,-5.658,-5.828,-6.127
123,CC=CC(CC)CC(C)C=C(C)O,-6.169,-6.144,-6.349,-5.572,-5.35,-5.325,-5.812,-5.381,-5.607,-5.942
124,C=C(C(C)N)C1CC1S,-4.787,-5.054,-4.918,-4.725,-4.355,-5.156,-4.392,-4.346,-4.606,-4.727
125,C=C(CC)C(C=CC=O)CC,-5.489,-5.833,-5.839,-5.688,-5.366,-5.51,-5.184,-4.844,-5.034,-5.502
126,CCCC(=O)CC(CC)C(C)CC,-6.368,-6.089,-6.058,-6.087,-4.755,-5.332,-5.379,-5.147,-5.522,-5.474
127,C=C(CC)CCCCC(C)=CCC,-6.149,-6.378,-6.02,-5.748,-5.522,-5.531,-5.091,-5.291,-5.33,-5.448
128,C=C1C=CCCCC2(COC(CC)C2)O1,-5.068,-5.086,-5.328,-5.192,-3.166,-3.5,-4.885,-4.971,-5.078,-4.923
129,CCCCCC(=O)CS,-4.733,-5.036,-4.661,-4.471,-4.296,-4.406,-4.3,-4.257,-4.533,-4.416
130,C=NSC(C)CCCC=CCCC,-5.671,-6.071,-5.449,-5.331,-4.097,-5.211,-4.98,-5.122,-5.088,-5.04
131,CC(C)OC(C)[SH](C)C,-4.538,-4.939,-4.394,-4.352,-3.484,-4.424,-4.127,-4.148,-4.42,-4.33
132,CCC=CC(=O)CCCC,-5.215,-5.574,-4.949,-5.124,-4.943,-4.844,-4.728,-4.555,-4.994,-4.615
133,CC=C(O)C=C(C)C=CC=O,-5.539,-5.762,-5.477,-5.49,-5.187,-5.179,-5.044,-4.985,-4.995,-5.072
134,CC12CC(=O)OC3CC3C(C1)C2,-5.549,-5.512,-5.483,-5.113,-3.41,-3.693,-5.056,-5.01,-5.479,-5.139
135,CCCC(O)CC=O,-4.737,-4.683,-4.486,-4.51,-4.501,-4.764,-4.113,-4.622,-4.58,-4.52
136,CCC=COCC(C)OC,-4.729,-5.144,-4.697,-4.699,-4.431,-4.623,-4.327,-4.471,-4.637,-4.578
137,CCCC(C)CC(C)(C)C(C)C,-6.113,-6.317,-6.101,-5.773,-4.481,-5.774,-5.391,-5.233,-5.489,-5.739
138,CC=CC=COC(C)=C(C)S,-5.191,-5.577,-4.92,-5.041,-4.451,-4.792,-4.5,-4.756,-4.895,-4.906
139,CCC(C)C(O)C(C)=C(C)C,-5.802,-5.814,-5.608,-5.853,-5.127,-5.907,-5.218,-5.084,-5.455,-5.466
140,CC(C)CCCCC1CS1,-5.349,-5.81,-4.856,-4.975,-4.821,-4.668,-4.788,-4.435,-4.75,-4.929
141,CC(N)=C=CC=CC(=O)C=O,-5.545,-6.133,-5.081,-5.539,-5.269,-5.108,-4.815,-4.821,-4.942,-5.045
142,O=C1OC=NC2=C3OC24[SH]2C(OCl)C3C124,-5.226,-5.093,-5.473,-5.275,-3.431,-4.002,-5.578,-5.622,-5.5,-5.676
143,CC[C]1CC2C(S)[N]C2C(OC)N1,-5.788,-6.222,-5.968,-6.111,-4.248,-4.131,-5.843,-4.316,-5.591,-5.619
144,C=C(C=C(C)CC)C(=O)CS,-5.772,-5.573,-5.283,-5.232,-5.16,-5.092,-5.133,-4.805,-5.154,-5.245
145,C=CC(C1=CC=CC(C)=CC1=C)=C(C)C,-5.153,-4.808,-5.622,-4.778,-3.743,-4.061,-4.906,-3.503,-5.022,-5.168
146,CCC=C(C)C(C)COC=O,-5.259,-5.806,-5.492,-5.653,-5.023,-5.184,-5.072,-4.865,-5.012,-5.312
147,C=CC=CCCCCS,-4.522,-4.765,-4.39,-4.329,-4.436,-4.129,-4.062,-3.932,-4.272,-4.361
148,CCC(C)OC1C=CC=COC1,-4.276,-4.532,-4.084,-4.289,-3.368,-3.851,-4.035,-3.898,-4.333,-3.985
149,CCC=CC=C(CC)OC,-5.016,-5.393,-4.718,-4.897,-5.005,-5.006,-4.54,-4.511,-4.763,-4.674
150,CC=CCCC(C)COC,-4.764,-5.435,-4.841,-4.857,-5.058,-4.791,-4.655,-4.585,-4.839,-4.554
151,CC=C(C)[SH](CCC)SCOCC,-5.343,-5.457,-5.381,-5.305,-4.022,-4.997,-5.317,-5.021,-4.946,-5.117
152,CC=CCCOC(O)=C(C)C,-5.446,-5.862,-5.015,-5.352,-4.96,-5.152,-4.965,-5.246,-5.392,-5.221
153,CCSC(C)C,-3.734,-3.727,-3.405,-3.57,-3.789,-3.827,-3.265,-3.434,-3.427,-3.314
154,C=CCCC(CCC)C(C)C=C(C)C,-6.257,-6.168,-6.274,-5.671,-4.787,-5.399,-5.401,-5.429,-5.807,-5.841
155,C=COC(C=O)CCC(C)C(=C)C=C,-6.223,-6.308,-6.033,-6.005,-5.103,-5.788,-5.765,-5.123,-5.824,-5.577
156,C=CC=CC(=CCC)CCC,-5.531,-5.389,-5.297,-5.191,-5.288,-5.243,-4.944,-4.792,-4.856,-5.021
157,C=CC(=CCO)COCCCC,-5.181,-5.603,-5.032,-5.172,-5.044,-5.408,-4.997,-5.029,-5.255,-4.905
158,CCCC(S)C=CC(C)=O,-4.951,-5.462,-5.091,-4.794,-4.47,-4.718,-4.447,-4.463,-4.594,-4.791
159,CC(=O)C1CC(C)(C)C1C,-6.271,-5.84,-6.088,-5.976,-5.388,-5.68,-5.426,-5.271,-5.754,-5.671
160,C=CCC(C)C(CC)C(C=C)=C(C)C,-6.521,-5.154,-6.546,-5.887,-4.398,-5.399,-5.811,-5.097,-5.634,-6.093
161,CC=CCC(C=CS)CC,-4.791,-5.036,-4.844,-4.82,-4.736,-4.609,-4.502,-4.339,-4.708,-4.804
162,CC(=CO)C(C)(C)C(C)C,-6.017,-5.562,-5.728,-5.256,-4.748,-5.598,-5.116,-4.848,-5.453,-5.448
163,C=CC=CC(=C)[SH](C)NC,-5.154,-5.39,-4.849,-4.943,-4.541,-4.746,-4.552,-4.637,-4.734,-4.839
164,CCCCC(N)C(CC)CCC,-5.849,-5.919,-5.581,-5.577,-4.997,-5.358,-5.079,-5.193,-5.456,-5.641
165,C=COC=CC=C(C)C=CCCC,-5.297,-6.273,-5.758,-5.313,-5.03,-5.211,-5.347,-5.17,-5.048,-5.506
166,CC=CC=C(C)C=CC(C)C(C)C,-6.627,-6.687,-6.043,-5.941,-5.664,-5.858,-5.469,-5.8,-5.423,-5.848
167,CCCC(CC)C(=O)C=C(C)C,-5.842,-6.039,-5.847,-5.852,-5.789,-5.528,-5.452,-5.237,-5.422,-5.503
168,C=C(C)C(C)=C(C)C(C)=CO,-6.179,-5.665,-5.931,-5.73,-5.094,-6.444,-5.36,-5.035,-5.474,-6.047
169,C=C(O)[SH]=CC(C)CCCC,-5.501,-5.701,-5.322,-5.067,-4.638,-4.866,-4.871,-5.037,-5.107,-5.538
170,C=C(C=CC)CC(O)=COC,-5.938,-5.596,-5.132,-5.479,-4.99,-5.091,-4.993,-4.935,-5.318,-5.181
171,C=CC=C=C=C=CCCC(C)C,-5.924,-6.197,-5.483,-5.623,-5.322,-5.388,-5.273,-5.169,-5.158,-5.197
172,CC=C(C(C)C)C(CCN)CC(C)CCC,-6.535,-5.844,-6.592,-6.206,-4.644,-5.748,-6.25,-5.215,-5.958,-6.35
173,C=CC=CC(C=C)=C(C=CC)OC,-5.652,-5.932,-5.616,-5.678,-5.265,-5.511,-5.042,-5.163,-5.418,-5.442
174,CC=C(C)SC1OC1=O,-5.132,-5.242,-4.703,-4.866,-4.341,-5.05,-4.619,-4.604,-4.723,-4.834
175,C=CC=CC1=C(S)OC2=CC(C)OC(=C=C2)C(=CC)O1,-4.001,-2.99,-4.899,-3.696,-0.228,-1.514,-4.762,-2.03,-4.685,-4.363
176,CC1(C)C=C(CCO)COC1=O,-6.528,-6.678,-6.626,-6.11,-5.661,-5.652,-6.005,-5.455,-6.169,-6.034
177,CC(C)=CC1=C(C)OCO1,-5.358,-5.776,-5.404,-5.514,-5.134,-5.632,-5.142,-5.048,-5.421,-5.519
178,CCC=C=CC(=O)CC,-4.892,-5.434,-4.945,-4.734,-5.076,-4.956,-4.676,-4.621,-4.738,-4.719
179,C=CC(=C)C(=O)CC(C)C(=CCC)CC,-6.637,-6.482,-6.571,-6.562,-5.257,-6.09,-5.732,-5.369,-6.084,-5.921
180,CC=C=C=C=NC1=C(C)C=C1,-5.579,-5.94,-5.439,-5.189,-5.654,-5.307,-5.073,-5.44,-5.134,-5.156
181,CCC(C(C)=O)C(C)(CC)C(=O)OC,-6.116,-5.743,-6.113,-5.519,-4.672,-5.205,-5.659,-6.081,-5.839,-5.662
182,C=CC=CC=C(OC)C(C)CN,-5.43,-5.759,-5.121,-5.534,-4.979,-5.093,-5.099,-5.363,-5.132,-5.295
183,CCC(C)CC(O)COC,-5.325,-5.19,-4.674,-5.044,-4.644,-5.084,-4.873,-4.768,-4.804,-4.966
184,CCCC(C)C(NC)C(C)C,-5.479,-5.494,-5.334,-5.485,-4.672,-5.405,-4.805,-4.847,-5.188,-5.11
185,C=C1C2=C=C(C)CC(=CC)C1C2CC,-5.138,-3.886,-5.415,-4.185,-3.99,-3.193,-5.302,-3.622,-5.275,-5.675
186,CC(=O)CC(O)CCC=C(C)C,-6.181,-6.353,-5.849,-5.667,-5.304,-5.457,-5.627,-5.157,-5.873,-5.756
187,C=CSC=C(CC)OC,-4.504,-4.789,-4.098,-4.299,-3.965,-4.202,-4.182,-4.37,-4.241,-4.12
188,CCCCCC(C)CCCC,-5.636,-5.765,-5.182,-5.074,-5.288,-5.08,-4.935,-4.668,-5.137,-4.903
189,[CH-]=CCC(N)=CC1=C(C)C1=C,-5.862,-6.11,-5.779,-5.762,-5.826,-5.915,-5.53,-5.033,-5.574,-5.541
190,CC=C(C)CCCC(=CCC)OC,-5.799,-6.051,-5.835,-5.56,-5.025,-5.457,-5.276,-5.196,-5.305,-5.238
191,C=C(C)C(OC)=C(C)CCC,-5.404,-5.757,-5.561,-5.45,-5.158,-5.337,-4.938,-4.962,-5.145,-5.24
192,C=CC(C)CC(C=CCC)C(C)=O,-6.308,-6.257,-6.243,-5.925,-5.621,-5.727,-5.534,-5.413,-5.796,-5.973
193,CCC=C1C=NC1,-4.398,-4.839,-4.018,-4.217,-4.326,-4.594,-3.782,-3.957,-4.148,-4.073
194,CCC(C)CCC(CCCC=O)C(C)O,-6.134,-6.298,-5.882,-6.285,-5.395,-5.897,-5.927,-5.272,-5.659,-5.961
195,C=C(C=O)C=CCC=CC,-5.222,-6.047,-5.123,-5.01,-5.25,-5.608,-4.704,-4.692,-4.835,-4.922
196,CCCC([Fe])CC(C)C,-5.137,-5.407,-4.843,-4.925,-4.943,-5.313,-4.624,-4.375,-4.831,-4.73
197,CCCC(C)=C(O)C(C)(C)C,-5.833,-5.765,-5.682,-5.775,-5.258,-5.719,-5.121,-5.093,-5.59,-5.578
198,CC(=CS)C(C)C(C)C,-4.958,-4.895,-4.769,-4.976,-4.691,-5.253,-4.411,-4.213,-4.45,-4.79
199,C=CC(C)(C)C=C(C)C=C=O,-5.912,-5.604,-5.781,-5.403,-4.738,-5.503,-5.433,-4.887,-5.2,-5.636
200,CC=CCC(C(C)C)C(C)C=C=O,-6.04,-5.717,-6.241,-6.059,-5.193,-5.522,-5.511,-4.969,-5.43,-5.774
201,CCC=C(CS)C(C)(C)CC,-5.305,-5.11,-5.225,-4.932,-4.336,-5.299,-4.746,-4.513,-4.943,-5.206
202,C=C(C)C1=C(S)CCCC2CCC12,-4.719,-3.623,-5.21,-3.998,-2.678,-2.877,-4.731,-4.032,-4.562,-5.074
203,CCCC(C)(N)CCCC(C)CC,-6.149,-6.176,-5.848,-5.683,-4.858,-5.378,-5.468,-5.167,-5.501,-5.674
204,CC(C)CC(C)CC(C)C=O,-5.834,-5.924,-5.825,-5.69,-4.847,-5.189,-5.225,-4.941,-5.355,-5.615
205,CCSOCCCOC,-4.046,-4.591,-4.002,-4.136,-3.791,-4.136,-3.838,-3.983,-4.012,-3.75
206,C=CCC(=O)C(CC)CC,-5.325,-5.523,-5.066,-5.316,-5.322,-5.29,-4.717,-4.887,-4.959,-4.849
207,CCC1(C)CCC=C(C)CC12C1CCC12,-5.089,-4.525,-5.86,-4.487,-2.683,-3.51,-5.401,-4.109,-5.407,-5.889
208,CCC=C=C(CC)OC,-4.667,-4.9,-4.575,-4.76,-4.941,-4.919,-4.281,-4.32,-4.451,-4.469
209,C=CC(=O)C1CC(C)C=C1O,-6.611,-6.405,-5.854,-6.366,-5.236,-5.338,-5.641,-5.677,-6.076,-6.133
210,COC=C(C=O)C(C)[SH](C)OC,-5.031,-4.989,-4.985,-4.952,-3.961,-4.715,-4.769,-4.614,-4.676,-4.593
211,CC(C)CC(C)CO,-4.997,-5.108,-4.729,-4.558,-4.485,-5.016,-4.447,-4.528,-4.597,-4.584
212,CCS1(C)(C)(C)CC1(C)C,,,,,,,,,,
213,CC=CC=COC(=O)C(C=O)=CCC,-6.155,-6.286,-5.716,-5.898,-5.606,-5.765,-5.373,-5.318,-5.491,-5.411
214,CCCC(CC)CC=CCC(C)CC,-6.489,-6.284,-6.12,-5.859,-4.851,-5.8,-5.682,-5.37,-5.511,-5.429
215,C=C(C)SC(C)CCCC,-5.077,-5.309,-4.842,-4.87,-4.166,-4.705,-4.653,-4.779,-4.829,-4.87
216,C=CC(CC)(CO)CCO,-5.418,-5.223,-5.057,-5.056,-4.931,-5.163,-4.647,-4.996,-4.965,-4.804
217,C=CC(C)=C[SH]=CC=CC,-4.86,-5.32,-4.692,-4.878,-4.867,-4.724,-4.29,-4.31,-4.596,-4.367
218,C=COC(=O)C(C)CC(=C)C,-5.447,-5.988,-5.44,-5.439,-4.917,-5.503,-4.989,-5.003,-5.327,-5.19
219,CCC(=O)CC=C(C)C,-5.163,-5.471,-5.143,-5.059,-4.834,-5.414,-4.809,-4.866,-4.702,-4.86
220,CCCCC=COCCO,-5.121,-5.308,-4.7,-4.671,-4.707,-4.499,-4.472,-4.504,-4.624,-4.582
221,CCCOC(O)(CC)CC,-5.041,-5.164,-5.05,-5.087,-4.75,-5.079,-4.552,-4.951,-5.154,-4.983
222,CCCC(C)(C)C(Cl)CC(C)C(C)=O,-6.655,-6.432,-6.834,-6.01,-5.145,-5.829,-5.941,-5.268,-5.998,-6.287
223,CC(C)(CS)C(C=O)C1CO1,-5.233,-4.922,-4.694,-4.566,-3.784,-4.609,-4.731,-4.654,-4.856,-4.811
224,CCC(CC)[C+](C)C(C)C1=CC=C1C,-6.768,-6.12,-6.986,-6.497,-5.084,-5.478,-6.238,-5.093,-6.171,-6.446
225,CCC(=C(C)C)C(O)C=CC=O,-5.682,-5.91,-5.623,-5.833,-5.669,-5.406,-5.353,-5.42,-5.684,-5.377
226,C=CC=C(CCC)CC(C)=O,-5.526,-5.498,-5.624,-5.591,-5.342,-5.501,-5.143,-4.987,-5.117,-5.268
227,C=C1N=C(SC)OCC1CC,-5.454,-5.389,-5.401,-5.59,-4.885,-5.243,-5.079,-4.901,-5.299,-5.406
228,CCCC1CCCCC(COC)C1,-4.706,-4.714,-4.611,-4.771,-3.405,-3.607,-4.097,-4.022,-4.357,-4.076
229,CC=C(C)C=C1C=CC(CCC)C(=O)C1,-7.679,-7.826,-7.372,-6.951,-6.221,-5.799,-7.063,-5.662,-6.56,-6.681
230,CCCCC(N)N(C)C(C)C,-5.442,-5.762,-4.927,-5.367,-4.727,-5.036,-4.822,-5.012,-5.467,-5.388
231,C=C1CCCC(=C)C1OCCC,-6.223,-6.217,-6.181,-6.145,-4.792,-5.464,-5.734,-5.618,-5.926,-6.097
232,CC(C)=S,-2.882,-2.974,-2.573,-2.796,-3.053,-2.944,-2.565,-2.554,-2.651,-2.544
233,CC=CC1=C(CCO)C=C1,-5.56,-5.883,-5.699,-5.513,-5.495,-5.52,-5.344,-4.887,-5.214,-5.469
234,CC(O)C(C)C=CC=CS,-5.012,-5.437,-4.895,-4.602,-4.645,-4.664,-4.56,-4.488,-4.634,-4.839
235,CC=C(CCC)C(C)=COC,-5.427,-5.423,-5.456,-5.462,-4.937,-5.344,-4.949,-4.968,-4.895,-5.083
236,C=C(C)C(C)(CCC=CC=O)CCCCC,-6.305,-6.491,-6.546,-6.34,-4.329,-6.176,-5.785,-5.289,-5.922,-6.398
237,CC=CC(C)=C(C)OCC,-5.183,-5.335,-5.101,-5.079,-5.286,-5.138,-4.557,-4.791,-4.968,-4.955
238,CCCCCC(C)C(CC)OC,-5.342,-5.939,-5.631,-5.245,-4.67,-5.032,-4.971,-4.812,-5.258,-5.47
239,CCCCCC(=O)CC,-5.076,-5.35,-5.083,-4.758,-4.858,-5.016,-4.333,-4.522,-4.562,-4.538
240,C=CCCCC(S)=C(C)C(C)C,-5.805,-5.833,-5.624,-5.541,-4.423,-5.448,-4.888,-5.099,-5.129,-5.377
241,CCC(C=CC=CC(C)CC(=O)O)=C(C)C,-7.059,-7.261,-6.749,-6.303,-5.035,-6.002,-6.163,-5.494,-6.123,-6.645
242,C=C=C(C=COC)C1CCC1,,-5.813,,,-4.97,,,,-5.074,-5.234
243,C=C(C)C(C=COC(C)CC)CC,-5.873,-6.412,-5.935,-5.891,-5.609,-5.756,-5.67,-4.952,-5.508,-5.639
244,C=C(C)C=CC1(N=CC)CN(C)C1,-5.905,-5.597,-5.724,-6.012,-4.49,-5.259,-5.311,-5.206,-5.241,-5.464
245,C=C(C)SCCCC,-4.3,-4.649,-4.174,-4.281,-4.194,-4.458,-3.978,-4.004,-4.235,-4.108
246,C=NC=CC(=C)C,-4.505,-4.371,-4.159,-4.138,-4.223,-4.417,-3.808,-3.849,-3.991,-4.131
247,C=CC=CC(=CC(C)=CC=C(C)C)O[Na],,,,,,,,,,
248,C=CC1=CC(C)=CC(C)=CC1=C,-4.78,-5.148,-4.777,-4.479,-3.546,-4.489,-4.562,-3.706,-4.568,-4.655
249,C=CC=C(OCC=CC)OCCC=CC,-5.785,-6.304,-5.582,-5.437,-5.28,-5.692,-5.184,-5.392,-5.359,-5.329
250,CCCCC=CCC(C)=C(C=O)OC,-5.852,-6.511,-5.679,-5.785,-5.262,-5.431,-5.405,-5.329,-5.568,-5.601
251,C=C(OCC=O)C1=CC(N)=CC1,-5.837,-6.342,-5.988,-5.881,-5.482,-5.569,-5.558,-5.259,-5.372,-5.878
252,CC=C(C)C(C1=CC=C1)C(C)C(C=O)C(C)CC,-7.542,-5.489,-7.532,-6.646,-4.567,-5.684,-6.963,-5.567,-6.742,-7.204
253,C=C(O)CC(C=CC=CC)=CC,-5.892,-6.077,-5.884,-5.378,-5.576,-5.67,-5.287,-5.271,-5.639,-5.542
254,CC=CN(C(=CN)C(C)S)C(C)C,-5.245,-4.294,-5.066,-5.025,-3.921,-4.194,-5.134,-4.396,-4.85,-5.003
255,CC=CC(O)=CCC=O,-5.037,-5.124,-4.79,-4.85,-4.916,-5.038,-4.586,-4.876,-4.97,-4.524
256,C=COC(C)C(C)C,-4.639,-4.92,-4.465,-4.537,-4.614,-4.979,-4.167,-4.185,-4.368,-4.259
257,CCC(C=CC(C)=C(C)O)=CC(C)=CO,-6.683,-6.795,-6.475,-6.122,-5.723,-6.15,-5.801,-5.658,-6.112,-6.044
258,CCOC1=C(OSC)N=C(C)CC1,-5.38,-5.883,-5.806,-5.786,-4.249,-5.413,-5.48,-4.701,-5.365,-5.435
259,C=CC(=C)CCOC,-4.56,-4.79,-4.445,-4.509,-4.556,-4.818,-4.192,-3.988,-4.162,-4.368
260,C=NC(O)CC=CC=C(C)N,-5.427,-5.944,-5.122,-5.336,-4.97,-5.127,-4.931,-5.001,-5.123,-5.098
261,C=C(C=O)C=CC(C=CC)=CC=CC,-6.232,-6.39,-6.304,-6.154,-5.743,-5.506,-5.448,-5.426,-5.657,-5.589
262,CC=C(C=CC=C(CCC)OS)C(C)O,-6.193,-5.982,-6.206,-5.781,-4.814,-5.87,-5.215,-5.258,-5.481,-5.758
263,CC(C)C(C)C(C)OCC=O,-5.451,-5.752,-5.559,-5.984,-4.533,-5.42,-5.0,-4.871,-5.03,-5.291
264,C=C(C=CC(=O)C=CC)COC,-5.387,-5.868,-5.452,-5.43,-5.316,-5.072,-5.229,-5.08,-5.263,-5.076
265,C=CC(=CC1OC=CCCN1CC)OC(C)=O,-5.288,-5.527,-5.325,-4.574,-3.755,-4.763,-4.885,-4.467,-5.014,-5.043
266,CC=C(CCC)SCCCC,-5.046,-5.392,-5.101,-4.99,-4.8,-4.844,-4.583,-4.696,-4.776,-4.901
267,CCC(C)=CC1=CC(C)OOC1,-6.467,-6.711,-6.405,-6.063,-5.592,-5.767,-5.933,-5.746,-6.026,-6.211
268,C=C=C(C=O)CC=CCC,-5.351,-5.98,-5.097,-5.099,-5.198,-5.134,-4.791,-4.56,-4.849,-4.98
269,C=C(C)C=C[SH](N)C=CC=CC,-5.899,-6.04,-5.317,-5.374,-4.324,-5.2,-5.185,-5.2,-5.273,-5.149
270,CCCC(CC)OCC=CO,-5.216,-5.475,-4.972,-5.115,-4.705,-4.967,-4.748,-4.647,-4.709,-4.828
271,COCC=CC=C(C)S,-4.378,-4.931,-4.284,-4.195,-4.21,-4.265,-4.176,-4.025,-4.206,-4.193
272,C=CC=C=C(C)[SH](C)C(C)C,-5.242,-5.309,-5.31,-5.244,-4.487,-5.397,-4.815,-4.943,-5.007,-5.091
273,CC1=C(C2CC2(C)CCC(C)C)OC1,-6.73,-7.529,-6.72,-6.357,-5.344,-5.101,-6.074,-5.563,-6.202,-6.474
274,C=C=C[SH]=C1OC=CC1=CC,-5.189,-5.803,-5.333,-5.567,-4.847,-5.077,-4.815,-4.714,-5.15,-5.034
275,CSN(C)C1=CC1,-3.942,-3.926,-3.683,-3.721,-3.621,-3.869,-3.404,-3.705,-3.852,-3.694
276,CC=C(CC)C(=O)C(C)(C)CCC,-6.447,-6.009,-6.109,-5.725,-5.541,-5.578,-5.464,-5.501,-5.759,-5.6
277,C=CC=C1CCCCSNCC=CC=C1CC,-5.136,-4.541,-5.297,-4.251,-3.259,-2.802,-4.904,-3.777,-4.859,-4.828
278,CCC=C(C)C=C=O,-4.937,-4.955,-4.59,-4.558,-4.869,-5.013,-4.332,-4.316,-4.38,-4.616
279,CC[SH](C)C(=O)CC(C)=C(C)C,-6.102,-6.178,-5.469,-5.799,-4.692,-5.598,-5.302,-4.76,-5.605,-5.501
280,CC=CCC(CC)OC=C1CCC1,-5.902,-6.251,-5.924,-5.832,-5.282,-5.972,-5.479,-5.566,-6.051,-5.578
281,CCCCCC(C)=C(C)C=O,-5.713,-5.892,-5.499,-5.292,-5.474,-5.615,-5.025,-5.004,-5.154,-5.175
282,CC=CC(OCC)=C(C)CC,-5.1,-5.517,-5.267,-5.439,-5.004,-5.577,-4.817,-5.071,-4.993,-5.144
283,CCC=CCC(O)C(N)=O,-5.388,-5.897,-5.107,-5.264,-5.144,-5.258,-4.883,-4.864,-5.26,-5.115
284,C=CC=CCC(C)=C(C=CCC)CC=CCC(=C)C,-7.017,-6.918,-7.126,-6.403,-4.275,-5.675,-6.393,-5.788,-6.142,-6.22
285,C=C(C)CC=CCCC=CC,-5.623,-5.97,-5.399,-5.281,-5.28,-5.175,-4.641,-4.621,-4.857,-4.914
286,CCC[SH](C)C=CC(C)=C(C)N,-5.606,-5.753,-5.257,-5.306,-4.696,-5.14,-4.749,-4.813,-5.034,-5.075
287,C=C(C)C(C)NC(CC)C(C)C,-5.826,-5.556,-5.928,-5.426,-4.754,-5.169,-5.227,-5.02,-5.656,-5.421
288,CCCC(=O)OC(C)CC(C)=O,-5.912,-6.07,-5.736,-5.84,-5.209,-5.489,-5.361,-5.607,-5.36,-5.36
289,CC=C(SCCC)C(C)C(=O)OCC,-5.796,-5.703,-5.591,-5.459,-4.915,-5.083,-5.276,-5.481,-5.44,-5.427
290,CCC=C(CC(C)(C)C)OC,-5.145,-5.884,-5.283,-5.216,-4.595,-5.344,-4.877,-4.904,-4.906,-4.995
291,C=CC(CC(C)C)C(OC(CC)C(C)=O)C(=C)C,-6.811,-6.736,-6.946,-5.525,-4.369,-5.301,-6.504,-4.909,-6.764,-6.618
292,CCC1CCC(C)NC1C,-5.971,-5.891,-5.713,-5.959,-4.675,-4.867,-5.518,-4.739,-5.505,-5.418
293,C[C-]1C=CC(=S)[C]1C(C)C=O,-5.81,-5.69,-5.893,-5.748,-4.905,-5.712,-5.661,-4.653,-5.504,-5.707
294,CCCCC1CCCC1=O,-5.646,-6.06,-5.654,-5.654,-5.468,-5.741,-5.309,-5.112,-5.485,-5.247
295,CCC(C)=CC=CC(C)=CC=CC=CO,-6.414,-6.783,-6.393,-6.212,,-5.931,-5.894,-5.555,-5.966,-5.614
296,CC=CC(C=C(C)C=C(C)O)=CC,-6.467,-6.256,-6.168,-5.679,-5.702,-5.812,-5.591,-5.46,-5.714,-5.809
297,C=NC=C(C=CC)CCCC,-5.164,-5.652,-5.161,-5.147,-5.129,-4.877,-4.762,-4.692,-5.049,-4.77
298,CC=CCC(S)N(C)C(C)=O,-5.366,-5.099,-5.284,-5.359,-4.365,-4.67,-4.719,-4.848,-5.002,-5.136
299,CCC=CC=COCS,-4.639,-4.819,-4.136,-4.306,-4.179,-4.34,-4.187,-4.088,-4.451,-4.317
300,CCC=C(C)C=C(C)COC1(C)CC1,-6.123,-6.754,-6.525,-6.013,-5.191,-5.952,-5.519,-5.489,-5.861,-5.758
301,C=C(CCC)C(C)SC,-4.844,-4.833,-4.746,-4.622,-4.81,-4.29,-4.556,-4.265,-4.491,-4.592
302,CCC(CC)OSO,-4.658,-4.672,-4.553,-4.551,-4.295,-4.402,-4.223,-4.399,-4.294,-4.242
303,CC=C(C)C(C)(C)CCC,-5.537,-5.52,-5.28,-5.342,-4.964,-5.61,-5.084,-4.757,-4.948,-5.614
304,C=CC1=CCC(C)(CCC(C)(CC)CCl)C1=C,-7.533,-6.717,-7.449,-6.549,-4.682,-6.177,-6.845,-5.108,-6.893,-7.179
305,C=CCC=CCC=CC(O)=CC,-5.63,-5.788,-5.744,-5.166,-5.277,-5.177,-4.969,-5.411,-5.28,-5.395
306,C=C(C)CC=COCCCC(CC)CC,-6.534,-6.552,-5.986,-5.573,-4.297,-5.832,-5.294,-5.11,-5.549,-5.727
307,C=C1C=C=CC(C)=C1C=CC(C)S,-6.381,-6.461,-6.562,-5.981,-5.309,-5.15,-6.259,-4.708,-5.964,-6.609
308,CCC1C(=O)C2CC1=[SH]2,,,,,,,,,,
309,C=CC=C(C)C(O)CCC,-5.464,-5.617,-5.062,-5.421,-5.248,-5.104,-4.728,-4.936,-5.234,-5.036
310,CCOC(CCC(C)=O)OC,-5.209,-5.264,-5.085,-5.033,-4.719,-5.298,-4.701,-4.724,-4.808,-4.622
311,CCS1=C(C(C)=O)CC1,-5.079,-4.894,-4.953,-4.83,-4.258,-4.771,-4.394,-4.636,-4.961,-4.763
312,CC(C)(C)CS[Na],,,,,,,,,,
313,CCC(C)C(C)=O,-4.615,-4.797,-4.656,-4.457,-4.856,-4.758,-4.079,-4.282,-4.316,-4.17
314,CC1(C)CC(=O)C=C([Fe])C1,-6.187,-6.374,-5.905,-5.905,-5.955,-5.599,-5.753,-5.907,-5.887,-5.568
315,CC=CC=CC(CS)C(=O)F,-5.327,-5.77,-5.181,-5.179,-5.271,-5.054,-4.825,-4.688,-4.981,-4.855
316,C=COC(C)C=CCOS,-4.432,-4.924,-4.427,-4.304,-4.17,-4.468,-4.306,-4.407,-4.313,-4.246
317,C=C(CC)C(C)(C)CC(C)=O,-5.854,-6.298,-6.029,-5.651,-4.792,-5.547,-5.249,-5.379,-5.665,-5.677
318,CCCCC(C)CC(C)NC=O,-5.699,-6.254,-5.895,-5.639,-5.01,-4.987,-5.36,-4.995,-5.427,-5.696
319,CC1=CSCCC1,-4.441,-4.613,-4.309,-4.343,-4.264,-4.223,-4.083,-4.075,-4.225,-4.318
320,C=CC=CC=C(C)CC(C)CCC,-6.052,-6.358,-5.969,-5.767,-5.551,-5.729,-5.338,-5.337,-5.329,-5.401
321,C=CC(C=O)=CCCCC,-5.509,-5.737,-5.096,-4.998,-5.012,-5.13,-4.723,-4.536,-4.943,-4.801
322,C=CC1CCCCOC1OC=O,-4.542,-4.821,-4.386,-4.557,-3.832,-4.354,-4.123,-4.254,-4.348,-4.01
323,CCC(=[SH]C=O)C(C)=O,-4.872,-4.894,-4.761,-4.908,-4.784,-4.733,-4.661,-4.666,-4.513,-4.573
324,CC=CC(CC)C(S)C=C(C)C,-5.647,-5.746,-5.682,-5.256,-4.671,-5.162,-5.114,-4.561,-5.306,-5.357
325,C=C(CN)C(C=C(C)C)C(=C=O)CC,-6.64,-5.913,-6.113,-6.07,-4.805,-5.499,-6.006,-4.961,-5.821,-6.067
326,C=CC1=CC(C)(C=CC)C(C)(SN)C1,-6.157,-4.27,-6.459,-5.647,-5.211,-4.569,-6.264,-5.635,-6.552,-6.23
327,C=CC=C(C)COCC(=C=C=CC)OCC,-6.112,-6.317,-5.978,-5.736,-3.811,-5.589,-5.34,-5.524,-5.083,-5.564
328,C=C([Na])C(=O)C(S)=C(C)CN,,,,,,,,,,
329,CC(C)=CC(C)=CC=O,-5.278,-5.368,-5.249,-4.97,-5.193,-5.399,-4.857,-4.575,-4.657,-5.01
330,CCCS(C=C(C)C)=C(C)C,-5.06,-5.112,-5.337,-5.042,-4.168,-4.969,-4.802,-4.368,-5.02,-4.931
331,C=CC(C)=C(O)COOC,-5.673,-5.447,-5.161,-5.444,-4.938,-5.036,-4.895,-5.056,-4.896,-5.223
332,C=CC(=O)CC(=O)C(C)=CC(=C)C,-6.362,-6.954,-6.543,-6.127,-5.389,-5.567,-5.647,-5.842,-5.953,-5.93
333,C=C(CCC)OCCCC(C)C=CC,-5.934,-6.333,-6.133,-6.081,-5.225,-5.81,-5.62,-5.055,-5.447,-5.549
334,C=C(C)CC=CC=CC(C)=O,-5.888,-6.181,-5.561,-5.385,-5.33,-5.238,-4.977,-4.986,-5.321,-5.432
335,C=C=C=CC(C)=C(C=C)C(C)=CC,-6.35,-5.874,-6.182,-5.909,-6.093,-5.535,-5.641,-5.504,-5.481,-6.064
336,C=COC(C)C1CC(C)=CC=C1OCC(C)C,-7.107,-6.981,-7.128,-7.224,-4.915,-5.42,-6.881,-5.284,-6.225,-6.953
337,C=CC1C=CC(C)=C(C)C=C1C=C(C)C,-5.367,-4.992,-5.613,-5.123,-4.339,-4.66,-5.322,-3.841,-5.145,-5.224
338,CC=CC=C(CC)CC(C)(C)C(C)CC,-6.939,-6.439,-6.712,-6.283,-5.519,-5.428,-5.806,-5.309,-6.144,-6.068
339,CC1=CCC(C=S)C(S)=C1C,-5.482,-4.991,-5.634,-5.305,-4.603,-3.788,-5.418,-4.256,-5.421,-5.641
340,CCC=CC1C(N)=C(CC)CCCC1O,-5.246,-5.193,-5.269,-5.223,-3.926,-4.187,-4.737,-4.419,-5.066,-4.76
341,C=C1C=C(C)CCC1=CC(C)[Na],,,,,,,,,,
342,CCOC(CCCO)CCC(C)C,-5.697,-5.791,-5.656,-5.523,-4.631,-5.402,-5.331,-5.133,-5.384,-5.285
343,CCCCC1CC1CCO,-5.199,-5.651,-5.165,-5.197,-5.152,-4.564,-4.914,-4.799,-5.38,-5.134
344,C=CC=CC(=O)C(C)(O)CC,-6.017,-6.028,-5.343,-5.655,-5.462,-5.381,-5.138,-5.501,-5.63,-5.342
345,C=CSC(C)C(CC)CC,-4.823,-5.159,-4.979,-5.012,-4.323,-4.524,-4.516,-4.394,-4.618,-4.668
346,CCCC(CC(C)=O)C(C)=C1C=C1C,-6.41,-6.673,-6.923,-6.42,-5.441,-6.093,-6.435,-6.108,-6.039,-6.451
347,C=COC(C(=C)CCC)=C(C)C=C,-5.959,-6.038,-5.881,-5.793,-5.321,-6.049,-5.368,-5.423,-5.15,-5.769
348,CC1=CCC(=CC(C)(C)CC2=CC=C=C3CC(C2)O3)C1,-7.413,-6.848,-7.274,-5.58,-2.657,-5.196,-6.97,-4.516,-6.621,-6.608
349,C=CC=C1C=CC(=C)CC1,-6.184,-6.478,-5.982,-5.917,-5.851,-6.71,-5.779,-5.361,-5.589,-6.154
350,CC=C(CCC)C(C)=O,-5.195,-5.279,-5.236,-4.937,-5.315,-5.445,-4.703,-4.739,-4.804,-4.785
351,CC(C)=C(C)C1=C2C(=C(OCC=O)C2(C)C)C1,-7.453,-7.396,-7.863,-6.469,-4.583,-6.452,-7.324,-4.865,-7.193,-7.793
352,CCCC(CC)=C(O)OCC,-5.553,-5.472,-5.042,-5.405,-5.274,-5.174,-4.92,-5.056,-5.356,-5.204
353,CC=C1C=CCOC=CC(=O)C1,-4.139,-4.608,-4.409,-4.636,-3.187,-3.853,-3.963,-4.405,-4.259,-4.054
354,Cc1cc2cc3c1CC(=C3)C2=O,,,,,,,,,,
355,C=C(C)C=C(C)C=CC(=O)O,-5.991,-6.411,-5.906,-5.884,-5.351,-5.608,-5.487,-5.16,-5.549,-5.688
356,CCCC[SH](S)CN,-4.332,-4.197,-4.073,-4.079,-3.741,-4.112,-3.838,-3.919,-4.231,-4.295
357,CCC1=C=[SH]C(CC)C(C)O1,-5.449,-5.619,-5.572,-5.49,-4.389,-5.146,-5.204,-5.29,-5.579,-5.431
358,C=CC(C=C)SC=CCC,-4.709,-5.162,-4.821,-4.907,-4.723,-4.592,-4.139,-4.265,-4.526,-4.599
359,CC=CC=C(OCC)S1=CC1SOC,-5.113,-5.625,-5.35,-5.132,-3.813,-4.074,-5.231,-4.604,-5.173,-5.188
360,C=CC1SCCC1=C=C=O,-5.013,-4.905,-4.969,-5.14,-3.992,-4.401,-4.724,-4.232,-4.625,-4.766
361,CCCC(=O)C(N)C=CC(C)C,-5.881,-6.175,-5.633,-5.745,-5.185,-5.443,-5.357,-5.335,-5.843,-5.523
362,CC=C(CC)C(S)CC,-4.734,-4.838,-4.715,-4.572,-4.518,-4.78,-4.248,-4.162,-4.422,-4.649
363,C=C1CC(CC)C2C(=O)C(CC)CC2C1,-7.278,-6.666,-7.948,-7.271,-5.52,-5.133,-7.205,-5.873,-7.296,-7.351
364,CCC(CC[SH]=C(C)C)CC(C)O,-5.636,-5.803,-5.822,-5.426,-4.317,-5.488,-5.322,-5.172,-5.491,-5.601
365,C=CN=C(O)C(CC)CCC,-5.386,-5.756,-5.163,-5.245,-5.304,-5.082,-4.966,-5.097,-5.553,-5.311
366,CCOC1=CC(C)C(C)CCC1,-4.132,-4.434,-4.305,-4.44,-3.29,-3.916,-4.059,-4.296,-4.114,-3.93
367,CCCCNC1=CC=CC1,-5.469,-5.595,-5.076,-5.284,-5.104,-5.243,-5.159,-4.669,-5.232,-5.135
368,C=C(C)C=CC=C(C)CCC=C(C)C,-6.607,-6.904,-6.613,-6.348,-5.508,-5.715,-5.456,-5.162,-5.533,-5.845
369,COC1=C(O)C[C](OC(C)C)C1=O,-6.141,-6.634,-5.627,-6.182,-4.758,-5.0,-5.96,-5.692,-5.983,-6.005
370,CCC(C)(C)CC(C)C,-5.352,-5.37,-5.114,-4.869,-4.995,-5.227,-4.638,-4.528,-4.679,-4.924
371,CCC(=CO)C(C)=C(C)CC,-6.036,-5.599,-5.331,-5.626,-5.505,-5.98,-5.092,-5.197,-5.267,-5.566
372,C=C(C=C1C=C1CCCC)C(C)C,-6.576,-6.932,-6.38,-6.188,-6.197,-5.978,-5.711,-5.197,-5.726,-5.935
373,CC=CCCC(=O)CCCNC,-5.464,-5.773,-5.348,-5.183,-4.751,-4.934,-5.096,-5.098,-5.036,-5.031
374,CC=CC=CC(C=CC=C=CCC)=CC,-6.349,-6.366,-6.223,-5.633,-6.054,-5.708,-5.479,-5.407,-5.424,-5.535
375,C=C=CN(C)SC(N)CCCC,-5.471,-5.42,-5.016,-5.151,-4.129,-4.533,-4.805,-4.899,-5.339,-5.177
376,CC=CC=C=CC(COC)C(C)=O,-5.87,-6.239,-5.543,-5.587,-5.335,-5.255,-5.183,-5.166,-5.164,-5.291
377,CC=CC(=CS)CCC,-4.667,-4.723,-4.475,-4.534,-4.754,-4.314,-4.472,-4.176,-4.363,-4.372
378,CCCCN=CC(C)S,-4.273,-4.774,-3.977,-4.432,-4.021,-4.332,-4.014,-4.026,-4.305,-4.284
379,CNC1OC(C)CC2([OH2+])CC12,-5.504,-5.756,-5.78,-5.987,-4.503,-5.959,-5.182,-5.363,-6.07,-5.461
380,C=CC(=CC(C=CC)=CC)C(C)C,-6.178,-5.884,-6.242,-5.824,-5.373,-5.901,-5.375,-5.192,-5.498,-5.597
381,C=CC(C)C(=O)C=COC(C)=O,-5.747,-6.107,-5.695,-5.719,-5.507,-5.595,-5.612,-5.776,-5.449,-5.501
382,CCC(C)CCCC(C)C=O,-5.742,-6.395,-5.475,-5.507,-5.425,-5.153,-5.019,-5.049,-5.042,-5.193
383,CCCC(C)=C(O)C=S,-5.017,-4.923,-4.662,-4.764,-4.66,-4.836,-4.341,-4.424,-4.818,-4.764
384,C=C=CC(=O)C=C1CC1C(C)=CCC,-6.656,-6.857,-6.424,-6.321,-5.976,-6.051,-5.691,-5.622,-6.095,-5.927
385,COC(=O)CCC=C=CC(C)C,-5.855,-6.214,-5.591,-5.719,-5.362,-5.368,-5.312,-4.959,-5.393,-5.716
386,CCC1=CC(=C(C)C)C(C=CC(C)C)=C1,-7.73,-7.516,-7.586,-7.343,-5.434,-6.56,-7.11,-6.271,-6.539,-7.071
387,C=C(C)CC(=CC(C)C)C1CC1,-5.894,-6.025,-6.287,-5.939,-4.807,-5.991,-5.685,-5.218,-5.552,-5.802
388,C=C=CCC(C=C)=CC,-5.115,-5.054,-4.939,-4.887,-5.083,-5.332,-4.779,-4.577,-4.551,-4.856
389,COC(C)=C1C=C(C)OCSC1,-4.122,-4.585,-4.001,-4.246,-3.051,-3.696,-3.842,-3.952,-3.962,-3.738
390,CCC(=[SH]C=O)C(C)C,-4.878,-4.847,-5.071,-4.83,-4.623,-4.781,-4.561,-4.418,-4.715,-4.585
391,C=CC=CC=COC=CCCC,-5.3,-5.525,-4.934,-4.84,-4.661,-5.121,-4.679,-4.585,-5.01,-4.701
392,C=CC=CCC=CC=CN=C,-5.17,-5.691,-5.203,-5.109,-4.68,-4.902,-4.91,-4.44,-4.773,-5.007
393,CCC(C)CC(C)OC,-4.896,-5.217,-4.876,-5.03,-4.624,-5.009,-4.473,-4.748,-4.391,-4.593
394,CC=C(CCC)C(=CC)CC(C)=C=CO,-6.145,-6.126,-6.434,-5.828,-5.402,-5.384,-5.894,-5.446,-5.938,-5.973
395,CC=CSCC(C)CCSC,-4.639,-5.055,-4.706,-4.512,-3.85,-4.375,-4.16,-4.172,-4.377,-4.527
396,CCCCCCCCOC=CCO,-5.243,-5.909,-5.547,-5.095,-4.726,-5.024,-5.025,-5.163,-4.915,-5.248
397,CC=CCOC(CC)C(C)=CC(C)=O,-5.807,-6.405,-5.994,-5.844,-4.685,-5.737,-5.426,-5.804,-5.477,-5.422
398,C=CC(C=CCC(C)=O)=CC,-5.839,-6.194,-5.711,-5.5,-5.47,-5.564,-5.06,-5.219,-5.317,-5.446
399,C=CCCCCC(C=CC)=CC,-5.884,-5.89,-5.527,-5.228,-5.59,-5.454,-4.727,-4.925,-4.835,-5.23
400,C=CCC(OC)=C(CCC)C(=C)C,-5.838,-5.463,-5.823,-5.555,-4.588,-5.621,-5.383,-5.014,-5.554,-5.812
401,C=C(C=CC=COC)C=CCC,-5.449,-5.911,-5.315,-5.3,-5.325,-5.251,-5.17,-4.996,-5.201,-5.319
402,CC=C=C(C=CC)SC=CC,-5.01,-5.208,-5.147,-5.001,-4.572,-4.769,-4.749,-4.555,-4.928,-4.891
403,C=COC(C=CCS)=CCC,-4.727,-5.027,-4.868,-4.834,-4.801,-4.828,-4.536,-4.525,-4.509,-4.357
404,C=C=CC(=C=CC=CC)C=CC,-5.694,-5.709,-5.486,-5.526,-5.636,-5.409,-5.397,-5.125,-5.277,-5.603
405,C=CC1(C)CC(C)C1(C)C=O,-6.965,-5.525,-5.795,-5.991,-4.746,-5.567,-5.543,-5.573,-5.876,-5.817
406,CC(C)=C(C)S1(C)(C)=C(C)C=C1,-6.199,-4.829,-5.943,-5.034,-4.378,-4.586,-5.524,-4.599,-5.911,-5.904
407,C=CC(C)CCSCCCCC,-5.401,-5.849,-5.139,-5.248,-4.133,-5.098,-4.695,-4.86,-4.918,-4.896
408,C=C(CC)C(CC)OC=CC(C)C=O,-6.005,-6.542,-5.929,-5.811,-5.077,-5.944,-5.496,-5.215,-5.608,-5.803
409,CCCC=CCCCCOC=O,-5.216,-5.781,-5.393,-5.128,-4.675,-4.958,-4.949,-4.811,-4.921,-5.194
410,C=CCCCC(C)C=C(C)N,-5.637,-5.857,-5.322,-5.275,-5.492,-5.162,-4.926,-4.821,-5.115,-5.16
411,C=C1CCC=C1C=CO,-5.654,-5.628,-5.464,-5.401,-5.386,-5.669,-5.244,-4.662,-5.25,-5.518
412,CC=C=C(C(C)C)C(C)CC,-5.435,-5.315,-5.654,-5.724,-5.426,-5.785,-5.277,-4.669,-5.158,-5.463
413,CCC(C)=CC(CCC(C)=O)C(C)=O,-6.46,-6.551,-6.273,-6.265,-5.064,-5.919,-5.744,-5.902,-5.891,-5.852
414,CCC1CC1(O)CC,-5.313,-4.917,-4.752,-4.735,-4.836,-5.196,-4.465,-4.643,-4.612,-4.8
415,CC=CCSC,-3.519,-3.786,-3.403,-3.353,-3.507,-3.631,-3.171,-3.249,-3.448,-3.29
416,C=CC(OC)C(C)C=CC(=C)C,-5.694,-6.259,-5.972,-5.636,-5.117,-6.079,-5.134,-5.234,-5.404,-5.543
417,CC=CC(O)=CC(=CCOC)CC(C)C,-6.336,-6.221,-5.977,-6.193,-4.671,-5.404,-5.6,-5.672,-5.734,-5.787
418,C=C(CC)CC(C=CC)C=CS,-5.151,-5.654,-5.51,-5.278,-4.858,-4.866,-5.183,-4.699,-5.154,-5.324
419,CC=Cc1cccccc1=O,-6.812,-7.232,-6.218,-6.443,-6.514,-6.148,-6.025,-5.469,-6.485,-6.441
420,CCCC(C)=S(S)CCC,-4.797,-4.78,-4.708,-4.81,-3.963,-3.919,-4.58,-4.373,-4.627,-4.449
421,C=C1CC=COCCC1=C(C)OC=O,-4.625,-5.405,-5.03,-4.857,-3.678,-4.261,-4.483,-4.203,-4.433,-4.399
422,CC=NOCCC(C)CC,-5.147,-5.422,-4.773,-4.893,-4.783,-4.805,-4.801,-4.633,-4.862,-4.9
423,C=CNC(OC(C)=CCC)C(=C)C,-5.689,-5.862,-5.712,-5.382,-5.16,-5.82,-5.333,-5.275,-5.48,-5.462
424,C=CC(C)=S,-3.424,-3.613,-3.1,-3.372,-3.398,-3.571,-3.116,-3.144,-3.112,-3.191
425,C=C(C)C=COCOC=CCCC,-5.95,-5.802,-5.24,-5.534,-4.743,-5.444,-4.989,-4.741,-5.132,-5.172
426,C=C=C(C)C=CC(C(C)CC)C(C)C(=C)C(C)C=O,,,,-6.464,,-5.268,,-4.951,-6.7,
427,C=CC1CCCC(=[SH]OC)C1,-5.837,-6.101,-5.77,-5.75,-4.762,-4.869,-5.48,-5.257,-5.456,-5.45
428,CC=C(CN)CC(C)(CC)C(O)CC,-6.274,-5.963,-5.82,-5.947,-5.726,-5.281,-5.922,-5.509,-5.666,-5.998
429,CCC=C1CCCCCOC1,-4.118,-4.406,-3.975,-4.041,-3.354,-3.35,-3.675,-3.976,-3.95,-3.776
430,C=CC1=CC(CCC)=C1,-5.424,-5.868,-5.271,-5.127,-5.304,-5.143,-5.237,-4.92,-5.018,-5.275
431,CCC1C(C)(O)CC1(OC)C1=CC=C1,-6.812,-5.194,-6.674,-5.867,-4.111,-5.524,-6.063,-4.812,-6.19,-6.245
432,CCC(CC)CC=COC(C)C,-5.591,-5.758,-5.481,-5.394,-4.859,-5.319,-4.996,-5.027,-5.15,-5.248
433,C=C(CC=CC)C(=CC=CC)C(C)C,-6.336,-6.18,-6.226,-5.886,-5.672,-5.424,-5.546,-5.66,-5.589,-6.016
434,CCC(C)=CC1=CC2CC1(C1C=C1)O2,-6.904,-7.263,-6.932,-6.511,-5.649,-6.186,-6.188,-5.613,-6.372,-6.804
435,CCC1COC(C=C(C)C)=CC1C,-6.661,-7.267,-6.664,-6.506,-6.315,-6.11,-6.429,-5.594,-6.298,-6.408
436,CSCCCCS,-3.299,-3.777,-3.342,-3.367,-3.087,-3.202,-3.087,-3.154,-3.269,-3.171
437,CC1OC(C)[SH](N)[SH]1C,-5.043,-4.467,-4.586,-4.802,-3.601,-4.417,-4.723,-4.653,-5.06,-4.947
438,C=C=CC(C=CC)=CCCC,-5.367,-5.423,-5.317,-5.321,-5.524,-5.324,-4.942,-4.738,-4.822,-5.27
439,CCCOCCC(C)=CC(C)=[C]C=CC=O,-5.886,-6.796,-6.279,-5.862,-4.489,,-6.104,-5.174,-5.726,-5.759
440,CC=CC(C=O)C(=CC)CC,-5.642,-5.559,-5.298,-5.541,-5.362,-5.264,-5.025,-4.8,-5.096,-5.202
441,CCC(=O)C=CC(C)CC(C)CC,-6.193,-6.43,-6.426,-6.021,-5.412,-5.734,-5.646,-5.393,-5.655,-5.865
442,C=C(OC=O)C(C)OCC,-4.911,-5.209,-4.682,-5.19,-4.533,-5.035,-4.557,-4.694,-4.678,-4.531
443,CCC(C)CCC(CC=COC)C(C)=O,-6.394,-6.774,-6.347,-6.106,-4.32,-5.496,-5.761,-5.334,-5.791,-5.632
444,C=CC(C=CC)=COC1=CC=C1C,-6.069,-6.656,-6.128,-5.736,-5.482,-6.127,-5.304,-5.582,-5.909,-5.454
445,CCC(OC)[SH]=C(C)C=CS,-4.857,-5.164,-4.742,-4.732,-4.001,-4.222,-4.417,-4.399,-4.367,-4.437
446,CC=C(O)C(C)CCC,-5.185,-5.296,-5.088,-4.829,-5.02,-5.277,-4.494,-4.913,-5.129,-4.873
447,CCCCOC(C)C(C)CC,-5.244,-5.606,-5.025,-5.128,-4.871,-5.456,-4.746,-5.151,-5.131,-5.047
448,CCC(C)OC(C)CC,-4.745,-4.898,-4.621,-4.885,-4.401,-5.316,-4.398,-4.393,-4.655,-4.498
449,CC(C)CCC(=O)CCC(=O)O,-6.057,-6.422,-5.761,-5.7,-5.712,-5.416,-5.267,-5.126,-5.521,-5.524
450,C=CC(C)=CC=CC=C=CC,-5.803,-5.972,-5.265,-5.214,-5.458,-5.051,-4.628,-4.709,-4.926,-5.341
451,CC=C(C=CCCCC(C)=O)OCC,-6.001,-6.713,-5.914,-5.641,-4.686,-5.551,-5.477,-5.562,-5.48,-5.534
452,C=CCCC(C)CS,-4.447,-4.672,-4.266,-4.242,-4.446,-4.364,-4.036,-4.008,-4.135,-4.185
453,CCCC=C1C=C(C)CO1,-5.665,-6.033,-5.257,-5.493,-4.927,-5.733,-5.234,-5.043,-5.555,-5.157
454,C=C(C)C1(C)CCC2(C=CC)CC2C1=C,-7.184,-7.111,-7.67,-6.45,-5.085,-4.253,-6.725,-4.668,-6.759,-7.162
455,CC1=C2C(C[Na])C=CC(=CC=O)C=CC=C1C2(C)C,,,,,,,,,,
456,CCC1CCC=CC([SH]=O)C1,-4.265,-4.537,-4.266,-4.459,-3.29,-3.874,-3.922,-3.709,-4.135,-4.091
457,C=C(C=C(C)OC=O)CCO,-5.388,-5.485,-5.146,-5.798,-4.918,-5.387,-5.291,-4.753,-5.008,-4.749
458,CCC=CC1(C2(C)C=CCC2)[C]C=C1,-7.032,-5.898,-7.022,-6.572,-4.885,-6.518,-6.629,-5.868,-6.29,-6.768
459,CCC1CC(C)C(CCC=O)C1,-6.148,-6.437,-6.343,-6.649,-5.401,-5.45,-5.856,-5.128,-5.669,-6.393
460,CCC(C)SC(C)C,-4.48,-4.558,-4.406,-4.333,-3.965,-4.406,-4.02,-4.032,-4.253,-4.177
461,CC=C(C)C=[SH]CC,-4.244,-4.505,-4.126,-4.275,-4.112,-4.368,-4.03,-3.792,-4.215,-4.135
462,CCC(N)CCCC(C)O,-5.42,-5.793,-4.969,-4.782,-4.905,-4.958,-4.853,-5.167,-4.907,-4.997
463,C=CCC(=O)C=C=CC(C)=CC=C(CC)CC,-6.598,-7.053,-6.794,-6.06,-4.633,-6.144,-5.934,-5.355,-6.001,-6.138
464,CCCCC=C(C)C(C)C=O,-5.472,-5.985,-5.471,-5.301,-5.524,-5.864,-4.952,-5.02,-5.133,-5.153
465,C=C(C)CC1CCCCCC(OC)O1,-4.566,-4.821,-4.552,-4.7,-2.995,-4.302,-4.396,-4.264,-4.55,-4.773
466,CC=CCOC(=O)C(C)CCCC(C)C,-6.569,-7.087,-6.271,-6.029,-5.138,-5.8,-5.812,-5.832,-5.772,-6.104
467,CC1CC2C=C(CS1)CC2C,-4.669,-4.353,-4.634,-4.18,-3.059,-2.558,-4.122,-4.019,-4.514,-4.318
468,C=S(C=CC)CC(C)(C)C=COCSS,-5.377,-5.509,-5.53,-5.024,-2.844,-4.767,-5.312,-4.418,-5.203,-5.008
469,CSC(S)SC,-2.973,-3.045,-2.891,-2.898,-2.505,-2.869,-2.677,-2.946,-2.941,-2.784
470,CC=C(C)CC(CC)SS,-4.846,-5.136,-4.931,-4.903,-4.393,-4.589,-4.533,-4.138,-4.617,-4.815
471,CC=CC(CCCCC)C(C)O,-5.819,-6.069,-5.503,-5.618,-5.394,-5.349,-5.175,-5.233,-5.295,-5.168
472,CC(C)OC(=O)C=C1C=CC1,-5.879,-6.179,-5.712,-5.623,-5.405,-5.37,-5.316,-5.061,-5.585,-5.439
473,CCC(C)OC(=O)C=C(C)O,-5.664,-5.596,-5.437,-5.351,-5.189,-5.374,-4.832,-5.058,-5.355,-5.379
474,CCC(C)(C)CC(=CO)CSC,-5.579,-5.469,-5.154,-5.221,-3.994,-4.537,-5.106,-4.778,-5.203,-5.317
475,Cc1ccc(=O)scc[nH]c1C,-6.394,-6.162,-6.551,-5.785,-4.912,-4.915,-6.194,-4.991,-6.056,-6.316
476,C=CC(C)(COC)C(=C)C(C)C,-5.658,-5.724,-5.669,-5.735,-4.791,-5.642,-5.137,-4.862,-5.28,-5.737
477,CCC=C(C)C(=S)CC,-5.0,-5.177,-4.87,-4.813,-4.73,-4.974,-4.523,-4.452,-4.512,-4.83
478,C=C=CC(CC)(C(=C)C)C(C)C,-5.642,-4.364,-5.975,-5.558,-4.605,-5.318,-5.389,-4.414,-5.39,-5.806
479,CCC=C(CCC)C1=[SH]C1,-5.289,-4.986,-5.099,-4.956,-4.952,-4.802,-4.923,-4.468,-4.709,-4.964
480,CC(S)=CC(C)=CCC(C)C,-5.345,-5.938,-5.442,-5.407,-4.606,-5.158,-5.222,-4.453,-5.051,-5.394
481,C=CC=CCC=CC(C)=CCC,-5.798,-5.973,-5.559,-5.312,-5.501,-5.318,-4.973,-5.132,-4.89,-5.29
482,CCCCC(O)CCC,-4.954,-5.105,-4.794,-4.822,-5.021,-4.741,-4.497,-4.533,-4.83,-4.682
483,CCC=C(C)CC=C(CC)C(C)=O,-6.373,-6.46,-5.945,-5.904,-5.511,-5.762,-5.276,-5.492,-5.971,-5.863
484,CC1=CC(C)SC1,-4.454,-4.781,-4.302,-4.407,-4.173,-4.26,-4.175,-4.169,-4.056,-4.108
485,CC=CCC(CC)SC(CC)CCC,-5.647,-5.816,-5.97,-5.439,-4.448,-5.23,-5.264,-5.027,-5.183,-5.547
486,CC(C=O)C(C)(C)C=C=O,-5.529,-5.633,-5.196,-5.054,-4.4,-5.645,-5.138,-4.882,-4.917,-4.913
487,CC=CC(C)SCC,-4.454,-4.638,-4.2,-4.253,-4.324,-4.465,-3.945,-4.018,-4.054,-3.965
488,CC=C(CC)OC(CC)CC,-5.286,-5.326,-5.251,-5.044,-4.596,-5.238,-4.771,-4.762,-4.892,-4.93
489,C=CC(=CC=C(C)CC)CCC,-5.84,-6.097,-5.663,-5.599,-5.593,-5.694,-5.127,-5.029,-5.129,-5.542
490,CCCCOSCCC,-4.445,-4.773,-4.094,-4.275,-4.296,-4.234,-4.157,-3.926,-4.171,-3.966
491,CCCCCC(S)CCC,-4.788,-5.359,-4.684,-4.94,-4.47,-4.42,-4.513,-4.183,-4.4,-4.394
492,C=C(C=O)OC=CS,-4.109,-4.326,-3.868,-4.388,-3.912,-4.183,-3.967,-3.926,-3.829,-3.726
493,CC=CNC(C)CCCC(=O)CCC,-5.941,-6.388,-5.704,-5.532,-5.071,-5.398,-5.34,-5.682,-5.459,-5.27
494,CC1C=CCCSC1C,-3.734,-3.664,-3.618,-3.44,-2.39,-3.123,-3.266,-3.502,-3.606,-3.303
495,CC(C)C(N)OC(=O)C(C)(C)C,-6.295,-6.238,-5.813,-5.535,-5.088,-5.497,-5.245,-5.506,-6.079,-5.836
496,C=C(CCCC)C(CF)CCC,-5.846,-6.047,-5.586,-5.477,-5.729,-5.264,-5.143,-5.231,-5.276,-5.458
497,CCCC(C=O)=CSCC,-4.889,-5.077,-4.798,-4.809,-4.422,-4.489,-4.519,-4.378,-4.795,-4.514
498,CC=CC(=CC=C=O)NC,-4.913,-5.131,-4.823,-4.802,-5.006,-5.166,-4.424,-4.665,-5.062,-4.932
499,C=CC=C(O)CCC,-5.0,-4.818,-4.589,-4.507,-4.712,-4.732,-4.209,-4.652,-4.563,-4.455
